{
  "layers": [
    "contour", 
    "hillshade"
  ], 
  "styles": [
    "terrain/style.mss", 
    "shared/terrain.mss" 
  ], 
  "nutiparameters": {
    "lang": {
      "default": "en"
    }, 
    "fallback_lang": {
      "default": "en"
    }
  },
  "name": "terrain", 
  "files": {
    "fonts/Montserrat-Regular.ttf": {
      "md5": "f7213526ec9296ff43426bfe3eae8926", 
      "size": 190648
    }, 
    "terrain/terrain.mss": {
      "md5": "6dac452ef72cf152133f2e5c7ff95c0a", 
      "size": 841
    }
  }
}