{
  "layers": [
    "housenumber", 
    "water_name", 
    "transportation_name", 
    "poi", 
    "place", 
    "transportation", 
    "building", 
    "aeroway", 
    "waterway", 
    "water", 
    "mountain_peak", 
    "boundary",
    "contour", 
    "hillshade",
    "park", 
    "landuse", 
    "landcover"
  ], 
  "styles": [
    "style.mss", 
    "road.mss", 
    "labels.mss"
  ], 
  "nutiparameters": {
    "lang": {
      "default": "en"
    }, 
    "buildings": {
      "default": 1, 
      "values": {
        "1": 1, 
        "0": 0, 
        "2": 2
      }
    }, 
    "fallback_lang": {
      "default": "en"
    }, 
    "texts3d": {
      "default": "nutibillboard", 
      "values": {
        "1": "nutibillboard", 
        "0": "point"
      }
    }, 
    "markers3d": {
      "default": "nutibillboard", 
      "values": {
        "1": "nutibillboard", 
        "0": "point"
      }
    }, 
    "shields3d": {
      "default": "nutibillboard", 
      "values": {
        "1": "nutibillboard", 
        "0": "point"
      }
    }
  }, 
  "name": "voyager"
}